{"centralized_loss": 0.7239626972538651, "centralized_accuracy": 0.538, "_timestamp": 1741044196.1448684, "_runtime": 23970.67138528824, "_step": 50, "federated_evaluate_loss": 0.7034952243169149, "accuracy": 0.5783333333333334, "_wandb": {"runtime": 23974}}